Data,Normalized Data
7.358,0
9.348,1
9.338,0.994975
8.328,0.487437
9.318,0.984925
9.001,0.825628
9.296,0.973869
9.286,0.968844
9.276,0.963819
9.264,0.957789
Data,Normalized Data
12,nan
Data,Normalized Data
12,nan
Data,Normalized Data
12,0.030303
23,0.363636
44,1
34,0.69697
23,0.363636
11,0
