Data,Normalized Data
7.358,-2.63472
9.348,0.595179
9.338,0.578948
8.328,-1.06035
9.318,0.546487 
9.001,0.0319744
9.296,0.510779
9.286,0.494549
9.276,0.478318
9.264,0.458841
