Data,Normalized Data
23,-1.40513
33,-0.925566
34,-0.87761
55,0.129483
67,0.704965
66,0.657008
45,-0.350085
34,-0.87761
90,1.80797
76,1.13658
