Data,Normalized Data
23,0
33,0.149254
34,0.164179
55,0.477612
67,0.656716
66,0.641791
45,0.328358
34,0.164179
90,1
76,0.791045
